[
    {
        "Tama\u00f1o": "4096",
        "Fecha": "02-11-2021 07:38:58",
        "Nombre": "../Sesion-02"
    },
    {
        "Tama\u00f1o": "1428",
        "Fecha": "29-10-2021 10:11:01",
        "Nombre": "../Sesion-02/listas.py"
    },
    {
        "Tama\u00f1o": "1161",
        "Fecha": "29-10-2021 10:19:42",
        "Nombre": "../Sesion-02/tuplas.py"
    },
    {
        "Tama\u00f1o": "571",
        "Fecha": "02-11-2021 07:23:54",
        "Nombre": "../Sesion-02/zodiaco.py"
    },
    {
        "Tama\u00f1o": "373",
        "Fecha": "02-11-2021 07:34:49",
        "Nombre": "../Sesion-02/libros.py"
    },
    {
        "Tama\u00f1o": "213",
        "Fecha": "02-11-2021 07:43:37",
        "Nombre": "../Sesion-02/numero_enteros.py"
    },
    {
        "Tama\u00f1o": "1073",
        "Fecha": "02-11-2021 08:16:41",
        "Nombre": "../Sesion-02/helado.py"
    },
    {
        "Tama\u00f1o": "4096",
        "Fecha": "16-11-2021 08:56:27",
        "Nombre": "../Sesion-05"
    },
    {
        "Tama\u00f1o": "306",
        "Fecha": "16-11-2021 07:29:29",
        "Nombre": "../Sesion-05/numeros.py"
    },
    {
        "Tama\u00f1o": "4096",
        "Fecha": "16-11-2021 07:21:53",
        "Nombre": "../Sesion-05/__pycache__"
    },
    {
        "Tama\u00f1o": "894",
        "Fecha": "16-11-2021 07:21:53",
        "Nombre": "../Sesion-05/__pycache__/tiempo.cpython-37.pyc"
    },
    {
        "Tama\u00f1o": "2380",
        "Fecha": "16-11-2021 08:56:21",
        "Nombre": "../Sesion-05/bd.py"
    },
    {
        "Tama\u00f1o": "642",
        "Fecha": "16-11-2021 07:20:52",
        "Nombre": "../Sesion-05/tiempo.py"
    },
    {
        "Tama\u00f1o": "4096",
        "Fecha": "29-10-2021 08:37:38",
        "Nombre": "../Sesion-01"
    },
    {
        "Tama\u00f1o": "465",
        "Fecha": "26-10-2021 10:21:15",
        "Nombre": "../Sesion-01/operadores.py"
    },
    {
        "Tama\u00f1o": "475",
        "Fecha": "26-10-2021 10:32:50",
        "Nombre": "../Sesion-01/formato.py"
    },
    {
        "Tama\u00f1o": "569",
        "Fecha": "29-10-2021 08:32:18",
        "Nombre": "../Sesion-01/condicionales.py"
    },
    {
        "Tama\u00f1o": "460",
        "Fecha": "26-10-2021 09:38:39",
        "Nombre": "../Sesion-01/conversion_de_datos.py"
    },
    {
        "Tama\u00f1o": "713",
        "Fecha": "26-10-2021 09:18:40",
        "Nombre": "../Sesion-01/tipos_de_datos.py"
    },
    {
        "Tama\u00f1o": "470",
        "Fecha": "29-10-2021 08:55:33",
        "Nombre": "../Sesion-01/helado.py"
    },
    {
        "Tama\u00f1o": "4096",
        "Fecha": "09-11-2021 09:19:05",
        "Nombre": "../Sesion-04"
    },
    {
        "Tama\u00f1o": "2705",
        "Fecha": "12-11-2021 09:21:28",
        "Nombre": "../Sesion-04/tree.py"
    },
    {
        "Tama\u00f1o": "4096",
        "Fecha": "09-11-2021 08:37:24",
        "Nombre": "../Sesion-03"
    },
    {
        "Tama\u00f1o": "4096",
        "Fecha": "09-11-2021 08:48:41",
        "Nombre": "../Sesion-03/helado"
    },
    {
        "Tama\u00f1o": "4096",
        "Fecha": "09-11-2021 09:03:21",
        "Nombre": "../Sesion-03/helado/__pycache__"
    },
    {
        "Tama\u00f1o": "620",
        "Fecha": "09-11-2021 09:03:21",
        "Nombre": "../Sesion-03/helado/__pycache__/varios.cpython-37.pyc"
    },
    {
        "Tama\u00f1o": "361",
        "Fecha": "09-11-2021 08:48:41",
        "Nombre": "../Sesion-03/helado/__pycache__/entrada.cpython-37.pyc"
    },
    {
        "Tama\u00f1o": "939",
        "Fecha": "09-11-2021 08:48:41",
        "Nombre": "../Sesion-03/helado/__pycache__/pantalla.cpython-37.pyc"
    },
    {
        "Tama\u00f1o": "453",
        "Fecha": "09-11-2021 09:02:07",
        "Nombre": "../Sesion-03/helado/__pycache__/__init__.cpython-37.pyc"
    },
    {
        "Tama\u00f1o": "347",
        "Fecha": "09-11-2021 09:01:39",
        "Nombre": "../Sesion-03/helado/__init__.py"
    },
    {
        "Tama\u00f1o": "505",
        "Fecha": "09-11-2021 08:59:41",
        "Nombre": "../Sesion-03/helado/varios.py"
    },
    {
        "Tama\u00f1o": "888",
        "Fecha": "09-11-2021 09:06:19",
        "Nombre": "../Sesion-03/helado/pantalla.py"
    },
    {
        "Tama\u00f1o": "165",
        "Fecha": "26-10-2021 05:16:30",
        "Nombre": "../Sesion-03/helado/entrada.py"
    },
    {
        "Tama\u00f1o": "584",
        "Fecha": "09-11-2021 09:08:33",
        "Nombre": "../Sesion-03/helado_precio.py"
    },
    {
        "Tama\u00f1o": "1019",
        "Fecha": "09-11-2021 08:09:59",
        "Nombre": "../Sesion-03/ls.py"
    },
    {
        "Tama\u00f1o": "4096",
        "Fecha": "09-11-2021 08:31:30",
        "Nombre": "../Sesion-03/__pycache__"
    },
    {
        "Tama\u00f1o": "1391",
        "Fecha": "09-11-2021 08:31:30",
        "Nombre": "../Sesion-03/__pycache__/helado.cpython-37.pyc"
    },
    {
        "Tama\u00f1o": "205676",
        "Fecha": "02-11-2021 08:39:01",
        "Nombre": "../Sesion-03/inmuebles.csv"
    },
    {
        "Tama\u00f1o": "1102",
        "Fecha": "09-11-2021 08:30:39",
        "Nombre": "../Sesion-03/helado.py"
    },
    {
        "Tama\u00f1o": "1567",
        "Fecha": "02-11-2021 09:25:37",
        "Nombre": "../Sesion-03/inmuebles.py"
    },
    {
        "Tama\u00f1o": "4096",
        "Fecha": "19-11-2021 07:25:33",
        "Nombre": "../Sesion-06"
    },
    {
        "Tama\u00f1o": "2768",
        "Fecha": "16-11-2021 09:30:46",
        "Nombre": "../Sesion-06/salida.txt"
    },
    {
        "Tama\u00f1o": "4312",
        "Fecha": "19-11-2021 07:29:01",
        "Nombre": "../Sesion-06/tree.py"
    },
    {
        "Tama\u00f1o": "2392",
        "Fecha": "19-11-2021 07:23:47",
        "Nombre": "../Sesion-06/salida.csv"
    },
    {
        "Tama\u00f1o": "2709",
        "Fecha": "16-11-2021 09:16:08",
        "Nombre": "../Sesion-06/lista.txt"
    },
    {
        "Tama\u00f1o": "72",
        "Fecha": "19-11-2021 07:25:33",
        "Nombre": "../Sesion-06/.~lock.salida.csv#"
    }
]